NAME_1,Province
Abra,ABRA
Agusan del Norte,AGUSAN DEL NORTE
Agusan del Sur,AGUSAN DEL SUR
Aklan,AKLAN
Albay,ALBAY
Antique,ANTIQUE
Apayao,APAYAO
Aurora,AURORA
Basilan,BASILAN
Bataan,BATAAN
Batanes,BATANES
Batangas,BATANGAS
Benguet,BENGUET
Biliran,BILIRAN
Bohol,BOHOL
Bukidnon,BUKIDNON
Bulacan,BULACAN
Cagayan,CAGAYAN
Camarines Norte,CAMARINES NORTE
Camarines Sur,CAMARINES SUR
Camiguin,CAMIGUIN
Capiz,CAPIZ
Catanduanes,CATANDUANES
Cavite,CAVITE
Cebu,CEBU
Compostela Valley,Compostela Valley
Davao del Norte,Davao del Norte
Davao del Sur,Davao del Sur
Davao Oriental,Davao Oriental
Dinagat Islands,DINAGAT ISLANDS
Eastern Samar,EASTERN SAMAR
Guimaras,GUIMARAS
Ifugao,Ifugao
Ilocos Norte,ILOCOS NORTE
Ilocos Sur,ILOCOS SUR
Iloilo,ILOILO
Isabela,ISABELA
Kalinga,Kalinga
La Union,LA UNION
Laguna,LAGUNA
Lanao del Norte,LANAO DEL NORTE
Lanao del Sur,LANAO DEL SUR
Leyte,LEYTE
Maguindanao,MAGUINDANAO
Marinduque,MARINDUQUE
Masbate,MASBATE
Metropolitan Manila,METRO MANILA
Misamis Occidental,MISAMIS OCCIDENTAL
Misamis Oriental,MISAMIS ORIENTAL
Mountain Province,Mountain Province
Negros Occidental,NEGROS OCCIDENTAL
Negros Oriental,NEGROS ORIENTAL
North Cotabato,COTABATO (NORTH COT.)
Northern Samar,NORTHERN SAMAR
Nueva Ecija,NUEVA ECIJA
Nueva Vizcaya,NUEVA VIZCAYA
Occidental Mindoro,OCCIDENTAL MINDORO
Oriental Mindoro,ORIENTAL MINDORO
Palawan,PALAWAN
Pampanga,PAMPANGA
Pangasinan,PANGASINAN
Quezon,QUEZON
Quirino,QUIRINO
Rizal,RIZAL
Romblon,ROMBLON
Samar,SAMAR (WESTERN SAMAR)
Sarangani,SARANGANI
Siquijor,SIQUIJOR
Sorsogon,SORSOGON
South Cotabato,SOUTH COTABATO
Southern Leyte,SOUTHERN LEYTE
Sultan Kudarat,SULTAN KUDARAT
Sulu,SULU
Surigao del Norte,SURIGAO DEL NORTE
Surigao del Sur,SURIGAO DEL SUR
Tarlac,TARLAC
Tawi-Tawi,TAWI-TAWI
Zambales,ZAMBALES
Zamboanga del Norte,ZAMBOANGA DEL NORTE
Zamboanga del Sur,ZAMBOANGA DEL SUR
Zamboanga Sibugay,ZAMBOANGA SIBUGAY
MIDDLE EAST AND AFRICAS,MIDDLE EAST AND AFRICAS
AMERICAS,AMERICAS
ASIA PACIFIC,ASIA PACIFIC
TAGUIG - PATEROS,TAGUIG - PATEROS
EUROPE,EUROPE
