boc,bon,pn
1,"ABEJO, VANGIE (IND)",LGBTQ PARTY
2,"AFUANG, ABNER (WPP)",LABOR PARTY PHILIPPINES
3,"AGUILAR, FREDDIE (IND)",LGBTQ PARTY
4,"ALBANI, SHARIFF (WPP)",LABOR PARTY PHILIPPINES
5,"ALEJANO, GARY (LP)",LIBERAL PARTY
6,"ALFAJORA, RICHARD (IND)",LGBTQ PARTY
7,"ALUNAN, RAFFY (BGMBYN)",BAGUMBAYAN VOLUNTEERS FOR A NEW PHILIPPINES
8,"ANGARA, EDGARDO SONNY (LDP)",LABAN NG DEMOKRATIKONG PILIPINO
9,"AQUINO, BENIGNO BAM  (LP)",LIBERAL PARTY
10,"ARCEGA, GERALD (WPP)",LABOR PARTY PHILIPPINES
11,"ARELLANO, ERNESTO (IND)",LGBTQ PARTY
12,"ARIAS, MARCELINO (WPP)",LABOR PARTY PHILIPPINES
13,"AUSTRIA, BERNARD (PDSP)",PARTIDO DEMOKRATIKO SOSYALISTA NG PILIPINAS
14,"BALDEVARONA, BALDE (FFP)",FILIPINO FAMILY PARTY
15,"BINAY, NANCY (UNA)",UNITED NATIONALIST ALLIANCE
16,"BONG REVILLA, RAMON JR (LAKAS)",LAKAS CHRISTIAN  MUSLIM DEMOCRATS
17,"CACERES, JESUS (IND)",LGBTQ PARTY
18,"CASIÑO, TOTI (KDP)",KATIPUNAN NG DEMOKRATIKONG PILIPINO(KDP)
19,"CAYETANO, PIA (NP)",NACIONALISTA PARTY
20,"CHAVEZ, MELCHOR (WPP)",LABOR PARTY PHILIPPINES
21,"CHONG, GLENN (KDP)",KATIPUNAN NG DEMOKRATIKONG PILIPINO(KDP)
22,"COLMENARES, NERI (MKBYN)",MAKABAYANG KOALISYON NG MAMAMAYAN
23,"DE GUZMAN, KA LEODY (PLM)",PARTIDO LAKAS NG MASA
24,"DELA ROSA, BATO (PDPLBN)",PARTIDO DEMOKRATIKO PILIPINO LAKAS NG BAYAN
25,"DIOKNO, CHEL (LP)",LIBERAL PARTY
26,"EJERCITO, ESTRADA JV (NPC)",NATIONALIST PEOPLE'S COALITION
27,"ENRILE, JUAN PONCE (PMP)",PWERSA NG MASANG  PILIPINO
28,"ESCUDERO, AGNES (IND)",LGBTQ PARTY
29,"ESTRADA, JINGGOY (PMP)",PWERSA NG MASANG  PILIPINO
30,"FRANCISCO, ELMER (PFP)",PARTIDO FEDERAL NG PILIPINAS
31,"GADDI, CHARLIE (IND)",LGBTQ PARTY
32,"GADON, LARRY (KBL)",KILUSANG BAGONG LIPUNAN
33,"GENEROSO,GEN PEDERALISMO (IND)",LGBTQ PARTY
34,"GO, BONG GO (PDPLBN)",PARTIDO DEMOKRATIKO PILIPINO LAKAS NG BAYAN
35,"GUIGAYUMA, JUNBERT (WPP)",LABOR PARTY PHILIPPINES
36,"GUTOC, SAMIRA (LP)",LIBERAL PARTY
37,"HILBAY, PILO (AKSYON)",AKSYON DEMOKRATIKO
38,"JANGAO, BFG ABRAHAM (IND)",LGBTQ PARTY
39,"JAVELLANA, RJ (KDP)",KATIPUNAN NG DEMOKRATIKONG PILIPINO(KDP)
40,"LAPID, LITO (NPC)",NATIONALIST PEOPLE'S COALITION
41,"MACALINTAL, MACAROMY (IND)",LGBTQ PARTY
42,"MALLILLIN, EMILY (IND)",LGBTQ PARTY
43,"MANGONDATO, FAISAL (IND)",LGBTQ PARTY
44,"MANGUDADATU, DONG (PDPLBN)",PARTIDO DEMOKRATIKO PILIPINO LAKAS NG BAYAN
45,"MANICAD, JIGGY (IND)",LGBTQ PARTY
46,"MARCOS, IMEE (NP)",NACIONALISTA PARTY
47,"MATULA, JOSE SONNY (WPP)",LABOR PARTY PHILIPPINES
48,"MENIANO, LUTHER (WPP)",LABOR PARTY PHILIPPINES
49,"MONTAÑO, ALLAN (IND)",LGBTQ PARTY
50,"NALLIW, JOAN SHEELAH (IND)",LGBTQ PARTY
51,"ONG, DOC WILLIE (LAKAS)",LAKAS CHRISTIAN  MUSLIM DEMOCRATS
52,"OSMEÑA, SERGE (IND)",LGBTQ PARTY
53,"PADILLA, DADO (PFP)",PARTIDO FEDERAL NG PILIPINAS
54,"PIMENTEL, KOKO (PDPLBN)",PARTIDO DEMOKRATIKO PILIPINO LAKAS NG BAYAN
55,"POE, GRACE (IND)",LGBTQ PARTY
56,"ROLEDA, DAN KAIBIGAN (UNA)",UNITED NATIONALIST ALLIANCE
57,"ROXAS, MAR (LP)",LIBERAL PARTY
58,"SAHIDULLA, LADY ANN (KDP)",KATIPUNAN NG DEMOKRATIKONG PILIPINO(KDP)
59,"TAÑADA,LORENZO ERIN TAPAT (LP)",LIBERAL PARTY
60,"TOLENTINO, FRANCIS (PDPLBN)",PARTIDO DEMOKRATIKO PILIPINO LAKAS NG BAYAN
61,"VALDES, BUTCH (KDP)",KATIPUNAN NG DEMOKRATIKONG PILIPINO(KDP)
62,"VILLAR, CYNTHIA (NP)",NACIONALISTA PARTY
